coderome,a_pourvoir_le,titre_offre,date_publication,des_que_possible_desc,diplome,duree_contrat,nb_postes,numero,created,niveau_formation,experience,commune_emploi,employeur_nom_entreprise,employeur_adresse_correspondance_subdivision,activites_multivalue,competences_multivalue,contact_mail
K2602,2025-12-30,Assistant / Assistante funéraire,2025-12-30 15:24:43+00,Dès que possible,,3 mois,1,2025-12-023878,2025-12-30 15:24:43+00,"CAP, BEP",Aucune expérience professionnelle,Nouméa,Anonyme,,"Aménager une salle funéraire,Accompagner et guider des personnes, la famille, le cortège le jour des obsèques,Réaliser la cérémonie funéraire et contrôler la conformité de son déroulement,Gérer les stocks,Réaliser des soins mortuaires,Respecter la confidentialité des informations",,apasf1@gmail.com
D1507,2026-01-01,Employé / Employée de libre-service,2026-01-01 08:23:43+00,Dès que possible,,,1,2026-01-023887,2026-01-01 08:23:43+00,"CAP, BEP",Au moins 1 an,Boulouparis,ECOMARKET,98875 MONT-DORE,"Informer, renseigner une personne sur les articles en vente,Réaliser l'étiquetage de produits,Contrôler l'état de conservation d'un produit périssable,Définir des besoins en approvisionnement,Entretenir, nettoyer un espace, un lieu, un local,Organiser le traitement des commandes,Contrôler le balisage et l'étiquetage des produits en rayon,Présenter et valoriser un produit ou un service,Organiser, aménager un espace de vente,Réceptionner des produits, des matières premières, vérifier la conformité d'une livraison","Chaîne du froid,Gestes et postures de manutention,Utilisation de matériel de nettoyage,Modes de conservation des produits alimentaires,Règles d'hygiène et de sécurité alimentaire",t.dossmann@ecomarche.nc
D1402,2025-12-26,Commercial / Commerciale auprès d'une clientèle d'entreprises,2025-12-26 15:24:16+00,Dès que possible,Commerce relation client,3 mois,1,2025-12-023860,2025-12-26 15:24:16+00,Bac +2,Au moins 3 ans,Nouméa,PARTNERS PRO,98895 NOUMEA CEDEX,"Assurer un service après-vente,Développer et fidéliser la relation client,Mettre en oeuvre des actions commerciales et promotionnelles,Élaborer, adapter une proposition commerciale,Utiliser les outils bureautiques,Effectuer le suivi des commandes, la facturation,Lancer et gérer un appel d'offres,Établir un plan de tournée de prospection (ciblage, interlocuteurs, préparation de dossiers techniques),Définir des indicateurs de performance,Réaliser une action de merchandising,Négocier des conditions commerciales,Prospecter de nouveaux clients, de nouveaux marchés,Élaborer une stratégie commerciale",,accueil@partnersinterim.nc
I1307,2025-12-26,Technicien / Technicienne d'installation en courants faibles,2025-12-26 15:29:03+00,Dès que possible,Electricité,3 mois,1,2025-12-023861,2025-12-26 15:29:03+00,"Bac, bac professionnel",Au moins 1 an,Nouméa,PARTNERS PRO,98895 NOUMEA CEDEX,"Assembler des matériaux, des produits,Connecter une boîte de raccordements,Configurer ou paramétrer l'équipement de télécommunication, de courants faibles,Installer l'équipement sur le site et le connecter aux réseaux extérieurs,Rédiger un rapport, un compte rendu d'activité,Changer ou réparer une pièce ou un ensemble défectueux,Entretenir du matériel multimédia,Vérifier la conformité de l'installation sur site, help desk, hot line,Réaliser une intervention nécessitant une habilitation,Actualiser et faire évoluer les équipements de télécommunication ou de courants faibles,Préparer du matériel en prévision d'un travail,Réceptionner et décharger les matériaux livrés en s'assurant de la conformité de la livraison en quantité et en qualité",,accueil@partnersinterim.nc
C1502,2025-12-12,Agent / Agente d'état des lieux,2025-12-12 09:32:00+00,Dès que possible,,,1,2025-12-023772,2025-12-12 09:32:00+00,Bac +2,Au moins 1 an,Nouméa,PROMOBAT,98800 Nouméa,"Gérer des réclamations et litiges,Réaliser un état des lieux,Contrôler la réalisation et les coûts d¿une prestation,Utiliser les outils bureautiques,Rédiger un rapport, un compte rendu d'activité,Transmettre de l'information","Droit immobilier,Logiciels immobiliers,Droits et obligations du locataire",recrutement@promobat-nc.com
H2602,2025-12-12,Monteur-câbleur / Monteuse-câbleuse de matériels électriques,2025-12-12 14:05:12+00,Dès que possible,,2 mois,1,2025-12-023779,2025-12-12 14:05:12+00,"CAP, BEP",Au moins 3 ans,Nouméa,ASSYSTEM NOUVELLE CALEDONIE,98800 NOUMEA,"Identifier des modifications d'implantation ou de câblage,Démonter des câbles électriques,Sélectionner le matériel électrique à partir du schéma, du plan de câblage ou de la puissance des appareils,Contrôler la conformité d'un équipement, d'une machine, d'une installation,Connecter des machines tournantes électriques,Installer un système électrique,Réaliser une opération de câblage électrique,Préparer des fils électriques,Réaliser une intervention nécessitant une habilitation,Préparer du matériel en prévision d'un travail,Assembler des supports,Respecter les règles de sécurité","Électricité,Utilisation d'outillages électroportatifs (scie électrique, ponceuse, ...),Normes de sécurité électrique,Électronique",rh@assystem.nc
C1201,2025-12-27,Caissier / Caissière de bureau de change,2025-12-27 09:12:48+00,Dès que possible,,,1,2025-12-023863,2025-12-27 09:12:48+00,Bac +2,Au moins 1 an,Nouméa,POEME - N°1 CURRENCY,98807 NOUMEA CEDEX,"Gérer des réclamations et litiges,Développer et fidéliser la relation client,Conseiller, accompagner une personne,Élaborer, adapter une proposition commerciale,Gérer les risques de cybersécurité,Générer des ventes en appliquant les méthodes et techniques commerciales,Actualiser les informations mises à la disposition d'un public,Gérer des situations d'urgence,Définir des besoins en approvisionnement,Classer des documents,Identifier, traiter une demande client,Présenter et valoriser un produit ou un service,Négocier un taux d'achat ou de vente de devises étrangères,Acceuillir, orienter, informer une personne,Respecter la confidentialité des informations","Recommandations AMF,Règles et consignes de sécurité,Typologie des devises,Règles de conversion monétaire,Techniques de vente,Dispositif TRACFIN (Traitement du renseignement et action contre les circuits financiers clandestins),Procédures d'encaissement,Approvisionnement de fonds numéraires,Normes rédactionnelles",businessnewcaledonia@fexcopacific.com
J1102,2025-12-15,Médecin néphrologue,2025-12-15 11:40:47+00,Dès que possible,Diplôme d'Etat de Médecine et de Néphrologie,3 mois,1,2025-12-023787,2025-12-15 11:40:47+00,Bac + 5 et plus,Au moins 3 ans,Dumbéa,ATIR-NC,98846 NOUMEA CEDEX,"Repérer les situations à risques (maltraitance, addiction, ...) et orienter le patient vers d'autres professionnels ou informer les services concernés (sociaux, judiciaires, ...),Réaliser la prescription médicale, expliquer les modalités de traitement au patient et le conseiller sur l'hygiène de vie,Compléter les documents médico-administratifs (feuille de soins, déclaration de grossesse),Déterminer les besoins thérapeutiques et réaliser les soins médicaux,Recenser les symptômes, les dysfonctionnements, cerner l'environnement de vie du patient et procéder à l'examen clinique,Actualiser le dossier médical du patient,Participer à des groupes de travail,Identifier la demande du patient et rechercher les informations complémentaires dans le dossier médical,Intervenir dans une spécialité médicale","Pharmacologie,Néphrologie",drh@atir.asso.nc
F1602,2025-12-15,Électricien / Électricienne de chantier,2025-12-15 13:40:26+00,Dès que possible,Electricien,3 mois,1,2025-12-023788,2025-12-15 13:40:26+00,"CAP, BEP",Au moins 1 an,Nouméa,GECOWATT,98863 Nouméa Cedex,"Analyser une situation et produire un diagnostic,Prendre une décision et l'expliquer,Réaliser et poser des chemins de câbles et des conduits électriques en apparent ou en encastré,Réaliser la pose de la partie électrique des installations photovoltaïques,Réaliser et paramétrer une installation domotique connectée,Mettre en place les capteurs solaires thermiques ou modules photovoltaïques en intégré ou sur la toiture afin d'optimiser la consommation d'énergie,Positionner une armoire électrique de locaux domestiques ou tertiaires,Réaliser une veille technique ou technologique pour anticiper les évolutions,Changer ou réparer une pièce ou un ensemble défectueux,Contrôler une installation électrique,Analyser, résoudre un problème courant ou complexe,Raccorder des éléments basse tension,Réaliser et vérifier des calculs de mathématiques généraux ou appliqués,Fixer des éléments basse tension,Répondre aux attentes d'un client,Régler et contrôler les installations,Réaliser un diagnostic technique,Élaborer des processus et des modes opératoires techniques,Réaliser des marquages,Câbler un matériel,Rédiger un rapport, un compte rendu d'activité,Installer un équipement électronique,Utiliser des logiciels spécifiques,Réaliser une intervention nécessitant une habilitation,Mettre en place de petits appareillages B.T. tels que prises de courant, appareils d'éclairage, de commande, de coupure, de chauffage,Installer un système électrique,Travailler en réseau,Contrôler l'état d'avancement des travaux,Évaluer une situation à risque,Préparer du matériel en prévision d'un travail,Réaliser les saignées et les creusements divers",,gecowatt@hotmail.com
F1202,2025-12-08,Chef de chantier,2025-12-08 09:36:02+00,Dès que possible,,,1,2025-12-023728,2025-12-08 09:36:02+00,"CAP, BEP",Au moins 1 an,Nouméa,LINC,98800 Nouméa,"Anticiper des dangers, problèmes ou besoins matériels et techniques,Déléguer, responsabiliser,Préparer l'exécution du chantier,Gérer la relation avec les fournisseurs, sous-traitants, prestataires,Organiser le travail d'une équipe,Identifier et sélectionner des fournisseurs, sous-traitants, prestataires,Réceptionner un ouvrage,Apporter un appui technique aux équipes de chantier,Établir l'état d'avancement de travaux,Optimiser des modes opératoires,Identifier des moyens techniques et matériels pour un chantier,Coordonner le repli de tous les équipements et dispositifs du chantier,Contrôler une habilitation spécifique,Définir des besoins en approvisionnement,Organiser et contrôler un approvisionnement,Animer, coordonner une équipe,Répondre aux attentes d'un client,Acceuillir, orienter, informer une personne,Élaborer, suivre et piloter un budget,Concevoir et gérer un projet,Contrôler des indicateurs de performance, analyser et corriger des écarts,Utiliser les outils bureautiques,Expliquer et faire respecter les règles et procédures,Évaluer, prévenir, et gérer les risques et la sécurité,Respecter les règles de Qualité, Hygiène, Sécurité, Santé et Environnement (QHSSE),Rédiger un rapport, un compte rendu d'activité,Identifier, repérer un lieu,Veiller à maintenir un climat social favorable,Évacuer, recycler des déchets, des produits","Modalités de sécurisation d'un chantier,Chiffrage/calcul de coût",rh@linc.nc
F1603,2025-12-16,Plombier / Plombière,2025-12-16 05:28:42+00,Dès que possible,,,1,2025-12-023791,2025-12-16 05:28:42+00,"CAP, BEP",Au moins 1 an,Nouméa,ATEP,98800,"Démonter un équipement, une installation,Entretenir l'installation sanitaire, de chauffage et de production d'eau chaude,Rédiger un rapport, un compte rendu d'activité,Installer une pente d'écoulement,Tracer les réseaux d'évacuation d'eaux,Tester l'étanchéité d'une pente d'écoulement,Tracer les réseaux d'adduction d'eau froide et chaude,Installer du mobilier sanitaire,Poser des éléments sanitaires,Entretenir, nettoyer un espace, un lieu, un local,Poser des tuyauteries,Réaliser des opérations de soudage,Réparer un équipement, une machine, une installation,Répondre aux attentes d'un client,Réaliser les saignées et les creusements divers","Procédés de brasage,Techniques de cintrage,Techniques de sertissage",direction@atep.nc
D1403,2025-12-19,Conseiller commercial / Conseillère commerciale auprès des particuliers,2025-12-19 09:46:09+00,Dès que possible,,3 mois,2,2025-12-023820,2025-12-19 09:46:09+00,"Bac, bac professionnel",Au moins 1 an,Nouméa,SARL LCG,98835 Dumbéa,"Conduire un entretien de vente,Présenter des produits et services,Effectuer le suivi d'une relation client,Collaborer avec l'ensemble des intervenants à la réalisation d'un objectif commun,Identifier les besoins d'un client,Conseiller un client,Proposer des solutions correctives","Entretien de vente,Logiciel de gestion clients,Argumentation commerciale,Techniques de vente,Typologie du client,Techniques commerciales",jeremie@fitnesspark.nc
J1501,2025-12-16,Aide-soignant / Aide-soignante en gériatrie,2025-12-17 04:04:15+00,Dès que possible,DE AS,,1,2025-12-023805,2025-12-17 04:04:15+00,Bac +2,Au moins 3 ans,Dumbéa,Anonyme,,"Accompagner la personne dans les gestes de la vie quotidienne,Réaliser des soins d'hygiène corporelle, de confort et de prévention,Mesurer les paramètres vitaux du patient/résident, contrôler les dispositifs et appareillages médicaux et transmettre les informations à l'infirmier,Réceptionner et distribuer le linge propre et procéder au tri du linge sale du service, du patient/résident,Distribuer les repas et collations au patient/résident selon les besoins ou la prescription médicale,Apporter une assistance technique à l'équipe médicale,Réaliser un suivi d'activité,Désinfecter et décontaminer un équipement,Repérer les modifications d'état du patient,Collaborer avec l'ensemble des intervenants à la réalisation d'un objectif commun,Surveiller l'état général du patient/résident, lui distribuer les médicaments et informer l'infirmier des manifestations anormales ou des risques de chutes, escarres, ...,Informer le patient/résident sur les modalités de séjour dans le service (installation en chambre, horaires de visite, ...), le mode d'intervention à domicile,Gérer une situation d'urgence,Surveiller l'état de santé d'une personne,Alerter, en qualifiant la nature du problème,Évacuer les déchets spéciaux,Acceuillir, orienter, informer une personne","Soins de nursing,Protocoles de lutte contre les infections nosocomiales,Identification des signes et du degré de la douleur,Manipulation d'équipement (lit médicalisé, lève malade, ...),Pathologies du vieillissement,Techniques de manipulation de patient,Règles d'hygiène et d'asepsie",directioncordyline@gmail.com
M1805,2025-12-18,Développeur / Développeuse web,2025-12-18 16:24:43+00,Dès que possible,,,1,2025-12-023817,2025-12-18 16:24:43+00,Bac +2,Au moins 1 an,Nouméa,HELIUM,98800 Nouméa,"Réaliser des supports techniques,Déterminer des mesures correctives,Analyser des problèmes techniques,Développer une application en lien avec une base de données,Concevoir et développer les programmes et applications informatiques,Réaliser un prototype de la solution technique pour validation par le donneur d'ordres (configuration type, ...),Programmer dans un langage informatique spécifique","Architecture web,Systèmes d'exploitation informatique,Programmation informatique,Application web,Gestion de configuration,Technologies de l'accessibilité numérique,Langage informatique PHP,Langage informatique SQL,Langage informatique CSS,Langage informatique HTML",joram@helium.nc
M1204,2025-11-19,Contrôleur / Contrôleuse de gestion,2025-11-19 09:51:03+00,Dès que possible,"domaines de la gestion, finance et audit",,1,2025-11-023560,2025-11-19 09:51:03+00,Bac + 5 et plus,Au moins 3 ans,Nouméa,NEODEL,98845 NOUMEA CEDEX,"Piloter la gestion de la production, de l'exploitation,Mettre en place des outils d'aide à la décision,Mettre en place des solutions d'amélioration de la performance,Proposer et accompagner des actions de transformation organisationnelle,Conseiller une organisation, une structure,Suivre le système d'informations de gestion,Contrôler des indicateurs de performance, analyser et corriger des écarts,Élaborer des tableaux de bord,Calculer les marges, la rentabilité d'un produit ou d'une activité,Déterminer des mesures correctives,Concevoir un plan prévisionnel d'activité,Identifier les risques liés à une gestion d'entreprise","Gestion de l'information,Étude prospective,Droit des sociétés,Indicateurs de suivi d'activité,Comptabilité analytique,Analyse des risques financiers,Audit comptable et financier",emploi.nc@engie.com
K2106,2026-02-09,Instituteur remplaçant / Institutrice remplaçante,2025-12-18 18:59:54+00,"",,1 an(s),1,2025-12-023811,2025-12-17 21:50:34+00,"Bac, bac professionnel",Au moins 1 an,Koné,ASSOCIATION CASE,98817 Kaala-gomen,"Concevoir et gérer un projet,Définir la progression pédagogique,Utiliser les outils bureautiques,Accueillir des enfants,Sensibiliser un public,Développer une démarche pédagogique pour l'enseignement des savoirs fondamentaux,Préparer et animer une réunion, un groupe de travail, un atelier,Évaluer des acquis d'apprentissage, de formation ou d'expérience,Définir un objectif d'apprentissage et le programme des activités pédagogiques,Surveiller la ponctualité, l'assiduité des élèves aux cours, contrôler les justificatifs,Organiser des rencontres parents-professeurs,Collecter des informations pour préparer une séquence de formation, une leçon,Enseigner, transmettre des connaissances, développer des compétences,Assurer l'encadrement de l'enfant ou d'un groupe d'enfants,Concevoir et animer des activités sportives,Identifier les besoins en matière d'éducation des enfants",,jacky.song@asee.nc
M1802,2025-12-19,Ingénieur / Ingénieure système informatique,2025-12-19 09:58:14+00,Dès que possible,Informatique,,1,2025-12-023821,2025-12-19 09:58:14+00,Bac + 5 et plus,Au moins 10 ans,Nouméa,CAFAT,98849 NEA CEDEX,"Déployer, intégrer un logiciel, un système d'informations, une application,Créer une documentation technique,Paramétrer un logiciel métier et l'interfacer à d'autres applicatifs,Piloter une activité,Réaliser une veille technique ou technologique pour anticiper les évolutions,Expliquer et faire respecter les règles et procédures,Communiquer auprès de ses clients internes et externes,Structurer, synthétiser des informations,Identifier les besoins en logiciel,Animer, coordonner une équipe","Domaine informatique client-serveur,Analyse d'incidents",recrutement@cafat.nc
M1203,2025-12-24,Comptable,2025-12-24 13:38:39+00,Dès que possible,"DCG, comptabilité",4 mois,1,2025-12-023852,2025-12-24 13:38:39+00,"Bac + 3, bac + 4",Au moins 5 ans,Nouméa,NEODEL,98845 NOUMEA CEDEX,"Établir, mettre à jour un dossier, une base de données,Effectuer le suivi des commandes, la facturation,Établir des déclarations fiscales et sociales,Réaliser des opérations comptables,Contrôler les recettes d'une entreprise,Enregistrer les recettes d'une entreprise,Superviser des opérations d'inventaire comptable,Établir un reporting de trésorerie,Paramétrer un système d'information comptable,Définir des besoins en approvisionnement,Organiser et contrôler un approvisionnement,Établir un état de rapprochement bancaire,Contrôler la conformité des données ou des documents,Préparer les éléments constitutifs d'un mandatement","Comptabilité fournisseurs,Comptabilité client,Gestion comptable,Comptabilité générale,Comptabilité analytique,Logiciels comptables",emploi.nc@engie.com
K2107,2026-03-02,Professeur / Professeure d'anglais,2025-12-19 19:16:33+00,"",LICENCE D'ANGLAIS,1 an(s),1,2025-12-023831,2025-12-19 19:11:35+00,"Bac + 3, bac + 4",Moins d'1 an,Kaala-Gomen,ASSOCIATION CASE,98817 Kaala-gomen,"Organiser des évènements pédagogiques,Organiser des rencontres parents-professeurs,Utiliser les outils bureautiques,Développer un projet pédagogique,Structurer, synthétiser des informations,Renseigner des supports d'évaluation scolaire,Définir un objectif d'apprentissage et le programme des activités pédagogiques,Surveiller les élèves,Enseigner, transmettre des connaissances, développer des compétences,Concevoir et préparer les cours, les travaux dirigés ou les travaux pratiques,Conseiller des apprenants dans l'organisation de leur travail personnel,Organiser des évaluations de connaissances et de compétences, des examens",Langues vivantes étrangères,secretariat.baganda@asee.nc
K2203,2025-12-30,Assistant / Assistante d'exploitation nettoyage de locaux,2025-12-30 09:14:01+00,Dès que possible,,,1,2025-12-023871,2025-12-30 09:14:01+00,Bac +2,Au moins 5 ans,Nouméa,SPRINT PACIFIQUE,98857 NOUMEA CEDEX,"Élaborer, adapter une proposition commerciale,Utiliser les outils bureautiques,Expliquer et faire respecter les règles et procédures,Organiser le travail d'une équipe,Planifier une intervention de nettoyage,Rédiger un rapport, un compte rendu d'activité,Contrôler l'état des stocks,Établir des éléments d'une commande,Répartir les postes de travail,Définir des critères de contrôle d'entretien des locaux,Renseigner des supports de suivi d'activité,Analyser un dysfonctionnement ou une non-conformité,Contrôler des fichiers du personnel,Négocier une proposition,Définir des besoins en approvisionnement,Identifier des situations à risque ou d'urgence,Organiser et contrôler un approvisionnement,Gérer les ressources humaines,Animer, coordonner une équipe,Transmettre de l'information,Déterminer des mesures correctives,Rédiger un cahier des charges, des spécifications techniques,Gérer un parc de machines, d'équipements, de locaux",,tatamo.lebras@sprintpacifique.nc
G1204,2026-01-12,Entraîneur sportif / Entraîneuse sportive,2025-12-30 15:41:16+00,"","BEESAN, DEJEPS, BPJEPS, Licence, MSN",30 jours,1,2025-12-023876,2025-12-30 10:19:31+00,Bac +2,Au moins 5 ans,Dumbéa,"",98830 Dumbéa,"Mettre en oeuvre une stratégie de communication,Surveiller un espace de baignade avec une certification,Développer et fidéliser la relation client,Définir un projet d'entraînement sportif,Définir un objectif d'apprentissage et le programme des activités pédagogiques,Concevoir et mettre en place un programme de préparation physique,Sélectionner le matériel ou les équipements selon la compétition et les contraintes,Identifier les attentes du client et l'informer sur la ou les activités possibles selon son niveau et les modalités d'organisation,Informer le public sur la pratique de la discipline sportive et les modalités d'organisation des séances,Organiser des évènements sportifs,Adapter un parcours ou une séquence pédagogique selon le niveau et la progression des apprenants,Évaluer le niveau de départ du pratiquant,Contribuer à des actions de promotion dans les médias et sur les réseaux sociaux,Réaliser le suivi du matériel ou des équipements sportifs,Présenter l'exercice aux pratiquants et apporter un appui technique,Assurer la gestion administrative d'une activité,Expliquer les conditions de pratique d'une activité sportive,Développer l'image et la notoriété d'une entreprise,Acceuillir, orienter, informer une personne,Concevoir et animer des activités sportives","Brevet Professionnel spécialité Activités Aquatiques et de la Natation - BPJEPS AAN,Organisation d'évènements sportifs,Techniques de communication orales, écrites et numériques,Activités physiques pour tous,Réglementation du sport et des activités sportives,Techniques pédagogiques",dumbeanatation.bureau@gmail.com
A1501,2025-12-31,Auxiliaire de santé animale,2025-12-31 10:00:33+00,Dès que possible,,3 mois,1,2025-12-023880,2025-12-31 10:00:33+00,Bac +2,Au moins 1 an,Nouméa,CLINIQUE VETERINAIRE BAYSIDE,98800 NOUMEA,"Désinfecter et décontaminer un équipement,Réaliser des opérations comptables,Définir des besoins en approvisionnement,Entretenir, nettoyer un espace, un lieu, un local,Apporter une assistance technique,Préparer le matériel et apporter une aide technique au vétérinaire, à l'éleveur, ...,Contrôler un équipement ou matériel,Planifier des rendez-vous,Prodiguer des soins sur les animaux,Recueillir les informations sur l'animal (troubles, comportement, antécédents, traitements en cours, ...) auprès de son accompagnant ou dans le dossier médical,Acceuillir, orienter, informer une personne,Effectuer la surveillance post-opératoire d'un animal,Vendre ou louer des produits ou des services,Utiliser les outils bureautiques,Procéder à l'encaissement,Renseigner le dossier de suivi de l'animal et proposer des soins ultérieurs,Recueillir les informations sur l'animal auprès de son propriétaire/dans le dossier médical,Appliquer une consigne de sécurité,Contrôler l'état des stocks,Mettre à jour des données clients-fournisseurs,Identifier le motif de consultation et son degré d'urgence et informer le client sur les modalités de prise en charge de l'animal,Manipuler des animaux,Assurer la gestion administrative d'une activité,Gérer les commandes aux fournisseurs,Alerter, en qualifiant la nature du problème,Entretenir l'espace de vie d'un animal","Soins aux animaux,Zoologie,Procédures de désinfection d'équipements médicaux,Animaux domestiques,Produits animaliers,Typologie des risques environnementaux et sanitaires,Nutrition animale,Techniques d'approche et de manipulation des animaux,Biologie animale,Règles d'hygiène et de sécurité,Règles de délivrance des médicaments vétérinaires,Procédures de stérilisation du matériel,Pathologies animales,Règles d'hygiène et d'asepsie",cliniqueveterinaire98@gmail.com
D1401,2025-12-15,Assistant / Assistante administration des ventes,2025-12-15 08:19:32+00,Dès que possible,,,1,2025-12-023780,2025-12-15 08:19:32+00,Bac +2,Au moins 3 ans,Nouméa,ER TRAVAUX,98845 NOUMEA CEDEX,"Assurer un service après-vente,Établir un devis,Établir, mettre à jour un dossier, une base de données,Effectuer le suivi des commandes, la facturation,Utiliser les outils bureautiques,Établir un contrat de vente,Assurer la gestion administrative d'une activité,Assurer un accueil téléphonique,Transmettre de l'information,Déterminer des mesures correctives",,rh@ert.nc
M1501,2025-12-22,Gestionnaire administratif / administrative ressources humaines,2025-12-22 06:49:13+00,Dès que possible,,,1,2025-12-023833,2025-12-22 06:49:13+00,"Bac, bac professionnel",Au moins 1 an,Nouméa,Association AVA,98805 NOUMEA CEDEX,"Réaliser des opérations liées à la gestion des ressources humaines,Établir, mettre à jour un dossier, une base de données,Utiliser les outils bureautiques,Réaliser la gestion des arrêts maladie,Assurer la gestion administrative d'une activité,Suivre un contrat, vérifier le respect des clauses contractuelles,Établir un bulletin de paie,Contrôler la conformité des données ou des documents,Renseigner le personnel sur la législation sociale et les spécificités de l'entreprise,Préparer les éléments constitutifs de la paie","Gestion de la paye,Documents d'embauche,Système d'Information de Gestion des Ressources Humaines (SIRH),Contrats de travail",direction@assoava.nc
K1201,2026-01-21,Assistant / Assistante de service social,2025-12-31 10:55:07+00,"",DEES OU DEAS,2 mois,1,2025-12-023881,2025-12-31 10:55:07+00,"Bac + 3, bac + 4",Au moins 3 ans,Mont-Dore (Le),ADAVI-988,98848 NOUMEA CEDEX,"Analyser une situation et produire un diagnostic,Établir, mettre à jour un dossier, une base de données,Développer un réseau d'intervenants médicosociaux,Créer une relation de confiance,Sensibiliser un public,Gérer une situation conflictuelle,Rédiger un rapport, un compte rendu d'activité,Analyser la situation et les besoins de la personne,Orienter une personne vers des partenaires relais,Développer et gérer des relations interpersonnelles,Analyser, exploiter, structurer des données,Acceuillir, orienter, informer une personne","Caractéristiques socio-culturelles des publics,Droit social,Techniques de communication orales, écrites et numériques,Normes rédactionnelles",direction@adavi.nc
G1801,2025-11-14,Serveur / Serveuse de bar,2025-11-14 13:22:17+00,Dès que possible,,3 mois,2,2025-11-023531,2025-11-14 13:22:17+00,,Au moins 1 an,Nouméa,MV LOUNGE,98800 Nouméa,"Accueillir le client et l'installer,Saisir une commande sur informatique,Réaliser un service en salle,Communiquer à l'oral en milieu professionnel,Changer un fût,Gérer une caisse,Respecter les règles de Qualité, Hygiène, Sécurité, Santé et Environnement (QHSSE),Gérer une situation conflictuelle,Entretenir, nettoyer un espace, un lieu, un local,Utiliser des logiciels spécifiques,Réaliser la mise en place de la salle et de l'office,Prendre une commande client",,recrutement@medusabeachclub.net
M1608,2026-02-01,Secrétaire comptable,2025-12-29 14:15:32+00,"",,,1,2025-12-023838,2025-12-22 14:26:37+00,"Bac, bac professionnel",Au moins 3 ans,Dumbéa,Anonyme,,"Établir, mettre à jour un dossier, une base de données,Utiliser les outils bureautiques,Réaliser une veille documentaire,Structurer, synthétiser des informations,Rédiger un rapport, un compte rendu d'activité,Collecter les éléments d'activité du personnel,Assurer un accueil téléphonique,Classer des documents","Méthode de classement et d'archivage,Gestion administrative du courrier,Modalités d'accueil",direction.lbdp@hcm.nc
M1810,2025-12-22,Technicien / Technicienne d'exploitation informatique,2025-12-22 16:11:19+00,Dès que possible,,3 mois,1,2025-12-023839,2025-12-22 16:11:19+00,Bac +2,Au moins 1 an,Nouméa,SF2I,98857 NOUMEA CEDEX,"Installer et intégrer le matériel (station, équipement réseau, périphériques, ...) dans l'environnement de production et configurer les ressources logistiques et physiques,Gérer une base de données numériques,Réaliser la maintenance de premier niveau,Administrer un système d'informations,Diagnostiquer la nature et l'origine des incidents et mettre en oeuvre les mesures correctives,Communiquer auprès de ses clients internes et externes,Structurer, synthétiser des informations,Surveiller le fonctionnement de réseaux informatiques et télécom,Contrôler une opération de maintenance,Contrôler l'état des stocks,Gérer un parc informatique,Contrôler la conformité d'un équipement, d'une machine, d'une installation,Gérer les droits d'accès des utilisateurs,Définir des besoins en approvisionnement,Apporter une assistance technique,Ordonnancer le déroulement des travaux et mettre en oeuvre les traitements d'exploitation/production des ressources informatiques,Planifier des interventions de maintenance","Normes qualité,Règles de sécurité Informatique et Télécoms,Infogérance / télémaintenance,Procédures de maintenance,Normes et standards d'exploitation",drh@sf2i.nc
I1401,2025-11-03,Technicien / Technicienne de help desk en informatique,2025-12-22 16:15:32+00,Dès que possible,,,2,2025-12-023840,2025-12-22 16:15:32+00,Bac +2,Au moins 1 an,Nouméa,SF2I,98857 NOUMEA CEDEX,"Changer ou réparer un élément ou un ensemble défectueux,Réaliser les opérations de nettoyage et de réglage sur les matériels et équipements,Configurer le poste de travail aux besoins de l'utilisateur et effectuer les tests de fonctionnement,Renseigner les supports de suivi d'intervention et transmettre les informations au service concerné,Guider l'utilisateur pour résoudre le dysfonctionnement ou prendre le contrôle du système à distance,Identifier des ressources nécessaires à la résolution d'un dysfonctionnement,Diagnostiquer à distance un dysfonctionnement informatique matériel ou logiciel,Identifier les phases d'intervention à partir des informations du diagnostic help desk, de la hot line, des dossiers constructeur","Micro-informatique,Logiciels de gestion d'appels téléphoniques,Gestion de parc informatique,Procédures de déploiement d'installation,Protection des données numériques,Règles de sécurité Informatique et Télécoms,Procédures d'entretien de matériel informatique,Informatique,Logiciel de gestion de stocks",drh@sf2i.nc
G1602,2025-12-12,Chef de partie,2025-12-12 09:00:52+00,Dès que possible,,3 mois,1,2025-12-023771,2025-12-12 09:00:52+00,"CAP, BEP",Au moins 1 an,Nouméa,Anonyme,,,,emploi@edgysarlsarl.com
E1101,2025-12-23,Community manager,2025-12-23 09:34:58+00,Dès que possible,,3 mois,1,2025-12-023843,2025-12-23 09:34:58+00,"Bac + 3, bac + 4",Au moins 3 ans,Nouméa,SCSI / SKAZY/ MADEMOISELLEL.NC / MADEMOISELLE.NC,98805 NOUMEA CEDEX,"Concevoir des supports de communication et d'image,Utiliser les réseaux sociaux,Mettre en place une solution de web Analytics,Analyser le trafic d'un site web,Réaliser des enquêtes et des sondages en ligne,Maîtriser la e-réputation d'une entreprise,Analyser des échanges communautaires en ligne,Animer des jeux en réseau,Appliquer les règles de diffusion de l'information et de la communication,Accompagner des clients à l'utilisation d'un produit ou d'un équipement,Mettre en oeuvre des actions de communication,Identifier, traiter une demande client,Rédiger du contenu web,Créer des documents numériques,Animer un réseau, une communauté,Évaluer l'e-réputation d'un site web,Réaliser un diagnostic technique,Suivre une audience Web","Logiciels d'édition multimédia,Règlement Général européen sur la Protection des Données (RGPD),Webmarketing,Logiciels de gestion de base de données",recrutement@skazy.nc
M1203,2025-12-30,Technicien / Technicienne paie,2025-12-30 16:10:48+00,Dès que possible,BTS COMPTA - DUT GEA - BACHELOR PAIE,6 mois,1,2025-12-023877,2025-12-30 10:57:55+00,Bac +2,Au moins 3 ans,Nouméa,STE LE NICKEL - SLN,98800 NOUMEA,"Établir, mettre à jour un dossier, une base de données,Utiliser les outils bureautiques,Gérer la paie,Établir des déclarations fiscales et sociales,Établir un bulletin de paie,Réaliser des opérations comptables,Établir l'état d'avancement de travaux,Optimiser un processus de paie,Élaborer des tableaux de bord,Assurer la gestion administrative d'une activité,Établir un état de rapprochement bancaire,Contrôler la conformité des données ou des documents,Préparer les éléments constitutifs de la paie","Comptabilité générale,Procédures de recouvrement de créances,Réglementation des délais de paiement,Logiciel de paie,Droit du travail,Déclaration Sociale Nominative",ingrid.kaddour@eramet-sln.com
K1301,2025-12-26,Accompagnateur médicosocial / Accompagnatrice médicosociale d'activités de la vie journalière,2025-12-26 17:07:24+00,Dès que possible,,,1,2025-12-023862,2025-12-26 17:07:24+00,Certification locale,Au moins 5 ans,Nouméa,Association de Coopération Sociale et Médico-Sociale,98845 Nouméa Cédex,"Accompagner une personne dans les gestes de la vie quotidienne,Prodiguer des soins paramédicaux,Contribuer au bien-être physique d'une personne,Manipuler un équipement médicalisé,Analyser la situation et les besoins de la personne,Renseigner des documents médico-administratifs,Conseiller la personne sur des aides techniques (aides visuelles, déambulateur) ou installer le matériel (pose de barrière de protection, réglage de hauteur de table),Prodiguer des soins médicaux,Présenter à la personne les activités d'aide ou d'éveil et définir les modalités de mise en oeuvre et d'accompagnement",,factures@acsms.nc
L1401,2025-12-29,Jockey,2025-12-29 15:34:24+00,Dès que possible,,8 mois,1,2025-12-023868,2025-12-29 15:34:24+00,Aucune formation scolaire,Au moins 5 ans,Boulouparis,,98800,,,steven.agriperformance@gmail.com
H1404,2025-12-12,Préparateur / Préparatrice de travaux en industrie,2025-12-12 10:46:07+00,Dès que possible,Maintenance,3 mois,2,2025-12-023774,2025-12-12 10:46:07+00,Bac +2,Au moins 5 ans,Nouméa,Easy Skill,98800 NOUMEA,"Contrôler la réalisation et les coûts d¿une prestation,Convaincre, négocier,Analyser un dysfonctionnement ou une non-conformité,Contrôler la conformité d'un équipement, d'une machine, d'une installation,Lire et exploiter un plan, un schéma,Réaliser une opération de maintenance,Déterminer des mesures correctives,Actualiser des bibliothèques de références ou des banques de données techniques,Transmettre une technique, un savoir-faire,Valoriser et partager les bonnes pratiques,Renseigner, mettre à jour une documentation technique,Adapter et optimiser sa pratique aux risques professionnels (gestes, postures, ergonomie),Élaborer des processus et des modes opératoires techniques,Contrôler des indicateurs de performance, analyser et corriger des écarts,Utiliser les outils collaboratifs,Respecter les règles de Qualité, Hygiène, Sécurité, Santé et Environnement (QHSSE),Préparer et animer une réunion, un groupe de travail, un atelier,Rédiger un rapport, un compte rendu d'activité,Analyser un document de production,Utiliser des logiciels spécifiques,Contrôler les qualifications du personnel,Estimer les coûts et les délais d'une activité ou d'une prestation,Apporter un appui technique aux services qualité, maintenance, méthodes,Participer à un travail collaboratif,Transmettre de l'information","Progiciels de gestion intégrée d'entreprise (ERP),Procédures de maintenance",remy.devedeux@easy-skill.com
I1307,2025-12-16,Technicien / Technicienne sécurité-alarme,2025-12-16 05:48:04+00,Dès que possible,Electrotechnique ou électronique,,1,2025-12-023793,2025-12-16 05:48:04+00,"Bac, bac professionnel",Aucune expérience professionnelle,Nouméa,SECU SYSTEM'S,98845 NEA CEDEX,"Remettre les systèmes en état de fonctionnement par échange standard ou réfection d'ensemble ou de sous-ensemble,Configurer ou paramétrer l'équipement de télécommunication, de courants faibles et effectuer les essais fonctionnels,Renseigner les supports de suivi d'intervention et transmettre les informations au service concerné,Installer l'équipement sur le site et le connecter aux réseaux extérieurs,Vérifier la conformité de l'installation sur site, help desk, hot line,Entretenir du matériel multimédia,Estimer les coûts et les délais d'une activité ou d'une prestation,Réaliser une intervention nécessitant une habilitation,Réceptionner et décharger les matériaux livrés en s'assurant de la conformité de la livraison en quantité et en qualité,Connecter une boîte de raccordements,Analyser un cahier des charges,Changer ou réparer une pièce ou un ensemble défectueux,Apporter une assistance technique,Assembler les éléments de l'équipement,Préparer du matériel en prévision d'un travail,Assembler des matériaux, des produits,Élaborer, adapter une proposition commerciale,Actualiser et faire évoluer les équipements de télécommunication ou de courants faibles,Identifier les matériels à intégrer,Identifier les phases d'intervention à partir des informations du diagnostic help desk, de la hot line, des dossiers constructeur","Micro-informatique,Organisation d'une baie de brassage,Traitement du son,Caractéristiques des Modulateurs Démodulateurs -MODEM-,Technologie des fibres optiques,Installations surveillance-intrusion,Systèmes de sécurité-incendie,Technologies radiofréquences,Installation de téléphonie,Lecture de plan, de schéma,Electricité,Électronique,Protocoles IP,Utilisation d'analyseur de protocole de réseaux WireShare,Protocoles et normes télécoms,Utilisation d'appareils de mesure optique (réflectomètre, wattmètre optique, ...),Utilisation d'appareils de mesure électrique (multimètre, ...),Utilisation de soudeuse à fibres optiques,Architecture d'un réseau téléphonique commuté,Informatique",secusystems@secusystem.nc
J1506,2025-12-16,Infirmier / Infirmière en gériatrie,2025-12-17 04:02:56+00,Dès que possible,DIPLOME IDE,,2,2025-12-023804,2025-12-17 04:02:56+00,"Bac + 3, bac + 4",Au moins 3 ans,Dumbéa,Anonyme,,"Pratiquer des soins palliatifs,Réaliser des soins d'hygiène corporelle, de confort et de prévention,Réaliser un prélèvement biologique,Réaliser ou contrôler les soins d'hygiène, de confort et apporter une aide au patient (lever, marche, soins post opératoires...),Tenir à jour les dossiers médico-administratifs des patients,Informer un patient,Désinfecter et décontaminer un équipement,Assurer la gestion administrative d'une activité,Cerner l'état du patient (clinique, psychologique) et consigner les informations recueillies dans le dossier médical,Pratiquer des prises en charge de la douleur,Surveiller l'état de santé d'une personne,Surveiller l'état clinique du patient (constantes, fonctions d'élimination, comportement, ...) et informer l'équipe soignante/médicale sur l'évolution de l'état clinique,Réaliser les soins infirmiers, communiquer avec le patient (ressenti, douleur, ...) et actualiser le dossier de soins infirmiers (incidents, modifications d'état clinique, ...),Analyser des résultats d'examen médicaux,Organiser le plan de soins infirmiers selon les besoins des patients et préparer le chariot de soins ou la trousse médicale,Réaliser des soins infirmiers","Charte des droits du patient,Psychologie,Règles d'hygiène et d'asepsie",directioncordyline@gmail.com
K2106,2026-02-09,Instituteur remplaçant / Institutrice remplaçante,2025-12-18 19:00:57+00,"",,1 an(s),3,2025-12-023810,2025-12-17 21:44:19+00,"Bac, bac professionnel",Au moins 3 ans,Canala,ASSOCIATION CASE,98817 Kaala-gomen,"Concevoir et gérer un projet,Définir la progression pédagogique,Utiliser les outils bureautiques,Accueillir des enfants,Sensibiliser un public,Développer une démarche pédagogique pour l'enseignement des savoirs fondamentaux,Préparer et animer une réunion, un groupe de travail, un atelier,Évaluer des acquis d'apprentissage, de formation ou d'expérience,Définir un objectif d'apprentissage et le programme des activités pédagogiques,Surveiller la ponctualité, l'assiduité des élèves aux cours, contrôler les justificatifs,Organiser des rencontres parents-professeurs,Collecter des informations pour préparer une séquence de formation, une leçon,Enseigner, transmettre des connaissances, développer des compétences,Organiser l'espace pédagogique,Assurer l'encadrement de l'enfant ou d'un groupe d'enfants,Identifier les besoins en matière d'éducation des enfants",,jacky.song@asee.nc
K2305,2025-12-18,Technicien / Technicienne hygiéniste,2025-12-18 11:03:04+00,Dès que possible,,,1,2025-12-023813,2025-12-18 11:03:04+00,"BEPC, 3ème achevée",Aucune expérience professionnelle,Nouméa,Anonyme,,"Renseigner les supports de suivi d'intervention ou informer des dégâts, infections, dégradations constatés,Respecter les règles de Qualité, Hygiène, Sécurité, Santé et Environnement (QHSSE),Réaliser des interventions en lien avec la salubrité et le traitement des nuisibles,Désinfecter et décontaminer des locaux sensibles,Réaliser une désinfection par pulvérisation ou nébulisation,Réaliser une intervention nécessitant une habilitation,Repérer la présence de nuisibles et constater la nature et l'étendue des dégâts,Sécuriser le périmètre d'intervention,Installer des pièges ou produits sur les lieux d'infestation,Préparer le matériel adapté,Désinfecter et décontaminer des locaux sensibles,Transmettre de l'information,Diagnostiquer le type d'infestation et déterminer le mode de traitement (désinfection, désinsectisation, dératisation, fumigation, ...),Préparer du matériel en prévision d'un travail",,compta@formula4d.nc
M1203,2025-12-24,Comptable unique,2025-12-24 09:20:38+00,Dès que possible,BTS Comptabilité Gestion,3 mois,1,2025-12-023851,2025-12-24 09:20:38+00,Bac +2,Au moins 10 ans,Nouméa,PARTNERS PRO,98895 NOUMEA CEDEX,"Élaborer, suivre et piloter un budget,Conseiller une organisation, une structure,Établir, mettre à jour un dossier, une base de données,Utiliser les outils bureautiques,Effectuer le suivi des commandes, la facturation,Établir des déclarations fiscales et sociales,Codifier une facture,Réviser une procédure comptable,Réaliser des opérations comptables,Contrôler les recettes d'une entreprise,Enregistrer les recettes d'une entreprise,Établir un reporting de trésorerie,Établir un état de rapprochement bancaire,Contrôler la conformité des données ou des documents",,accueil@partnersinterim.nc
F1106,2025-11-19,Chargé / Chargée d'affaires BTP en génie climatique et énergétique,2025-11-19 09:42:30+00,Dès que possible,Génie thermique ou electrotechniue,,1,2025-11-023558,2025-11-19 09:42:30+00,"Bac + 3, bac + 4",Au moins 3 ans,Nouméa,SOCOMETRA,98845 Nouméa Cédex,"Intervenir en génie électrique,Intervenir en efficacité énergétique,Analyser les choix techniques et définir les équipements, les matériaux en fonction des contraintes de la réglementation, du terrain, du coût,Superviser et contrôler l'exécution d'études, de documents et de plans de détails confiés aux bureaux d'études,Évaluer le coût des opérations pour un projet,Suivre et mettre à jour l'information technique, économique, réglementaire, ...,Analyser les données économiques du projet,Sélectionner les moyens et les méthodes à mettre en oeuvre et planifier les opérations de chantier,Suivre l'état d'avancement des travaux jusqu'à réception,Contrôler la réalisation d'un projet,Inventorier les contraintes de construction d'un ouvrage,Contrôler la conformité des travaux jusqu'à réception,Définir un avant-projet,Élaborer des solutions techniques et financières,Piloter un projet,Coordonner l'activité d'une équipe,Négocier des solutions techniques ou financières avec un client","Énergie solaire photovoltaïque,Énergie renouvelable,Efficacité énergétique,Chiffrage/calcul de coût,Conception et Dessin Assistés par Ordinateur (CAO/DAO),Calcul technique,Gestion de projet,Chiffrage projet",emploi.nc@engie.com
M1203,2025-12-19,Aide-comptable,2025-12-19 10:45:57+00,Dès que possible,,3 mois,1,2025-12-023818,2025-12-19 09:17:18+00,"Bac, bac professionnel",Au moins 3 ans,Nouméa,PHARMACIE DE L'AUTOMOBILE,98845 NEA CEDEX,"Établir, mettre à jour un dossier, une base de données,Utiliser les outils bureautiques,Effectuer le suivi des commandes, la facturation,Réaliser un inventaire,Codifier une facture,Établir un état de rapprochement bancaire,Réaliser des opérations comptables,Contrôler la conformité des données ou des documents","Comptabilité fournisseurs,Comptabilité client,Gestion comptable,Comptabilité générale,Comptabilité bancaire,Comptabilité analytique,Procédures de recouvrement de créances,Réglementation des délais de paiement,Logiciels comptables",direction@pharmauto.nc
G1501,2025-12-26,Employé / Employée de ménage d'hôtel,2025-12-26 09:35:53+00,Dès que possible,,1 mois,1,2025-12-023855,2025-12-26 09:35:53+00,,Au moins 1 an,Farino,LES BULLES DE FARINO,98881 FARINO,"Identifier et signaler les dysfonctionnements, les dégradations du mobilier et des équipements de la chambre,Réaliser le service des petits-déjeuners en salle, en chambre,Communiquer à l'oral en milieu professionnel,Respecter des règles, des consignes, normes et procédures opérationnelles,Approvisionner un chariot de ménage/chariot de linge,Désinfecter et décontaminer un équipement,Contrôler l'état du linge propre,Définir des besoins en approvisionnement,Entretenir, nettoyer un espace, un lieu, un local,Organiser et contrôler un approvisionnement,Changer les draps, refaire le lit (mise à blanc, recouche) et remplacer le linge de toilette",,colinleif@gmail.com
H2913,2026-01-05,Soudeur / Soudeuse Tungsten Inert Gas -TIG-,2025-12-19 13:16:08+00,"",,3 mois,1,2025-12-023824,2025-12-19 11:47:37+00,"CAP, BEP",Au moins 5 ans,Nouméa,Anonyme,,"Contrôler la qualité et la conformité des process,Monter et régler une installation, une machine,Préparer les joints et positionner les pièces, plaques, tubes, profilés entre eux ou sur un support,Contrôler la conformité d'un équipement, d'une machine, d'une installation,Renseigner un compte rendu d'intervention,Identifier les matériaux et les différentes soudures appropriées selon les instructions, documents techniques, plans, ...,Sécuriser un équipement, un périmètre,Configurer et paramétrer une installation, une machine,Réaliser des opérations de soudage,Préparer la zone de travail et les moyens nécessaires à l'activité,Estimer les coûts et les délais d'une activité ou d'une prestation,Effectuer la maintenance préventive et corrective de premier niveau de ses équipements","Utilisation d'outillages manuels,Métallurgie,Utilisation d'outillages électroportatifs (scie électrique, ponceuse, ...),Techniques de coupage thermique,Utilisation de gabarit,Lecture de plan, de schéma",direction@ctm.nc
C1504,2025-12-26,Agent / Agente immobilier,2025-12-26 11:03:50+00,Dès que possible,,,1,2025-12-023856,2025-12-26 11:03:50+00,Bac +2,Au moins 1 an,Nouméa,Anonyme,,"Utiliser les outils bureautiques,Conclure une transaction,Prospecter des biens immobiliers, des terrains,Réaliser le descriptif d'un bien immobilier,Évaluer la capacité financière d'un client,Négocier un mandat de vente ou de location,Valoriser un bien immobilier,Contribuer à des actions de promotion dans les médias et sur les réseaux sociaux,Organiser et planifier la visite de biens immobiliers,Prospecter de nouveaux clients, de nouveaux marchés,Estimer la valeur d'un bien, d'un produit,Concevoir des actions commerciales et promotionnelles,Présenter et valoriser un produit ou un service,Réaliser une veille de marché, une veille concurrentielle","Fiscalité,Vente immobilière,Évolution du marché immobilier,Techniques commerciales,Méthodes de transaction immobilière",recrutement2026nc@gmail.com
J1303,2026-04-01,Technicien / Technicienne d'intervention sur matériels d'assistance respiratoire,2026-01-02 14:07:41+00,"",BT,9 mois,1,2026-01-023893,2026-01-02 14:07:41+00,Bac +2,Au moins 3 ans,Dumbéa,PACIFIC CARE,98895 NOUMEA CEDEX,"Accueillir et renseigner le patient sur les horaires de réception, les possibilités de rendez-vous, le déroulement de l'examen,Réceptionner les éléments médico-techniques et en informer le praticien, le patient en vue de l'intervention,Réaliser la décontamination, l'identification, le conditionnement d'éléments médico-techniques (empreintes, éléments prothétiques, ...) et les transmettre au service concerné,Tenir informé le praticien des activités,Définir des besoins en approvisionnement,Tenir à jour les dossiers médico-administratifs des patients,Planifier des rendez-vous médicaux selon le type d'intervention et le degré d'urgence,Suivre l'état des stocks,Accueillir des patients,Vérifier le fonctionnement des appareils et informer le service maintenance, le responsable en cas de dysfonctionnement,Établir une commande","Techniques de bio-nettoyage,Grille de codification Sécurité Sociale,Terminologie médicale,Procédures de retraitement des déchets,Gestion administrative,Règles d'hygiène et d'asepsie",rh@pacific-care.nc
G1602,2026-01-02,Chef de partie,2026-01-02 15:15:02+00,Dès que possible,Restauration,3 mois,1,2026-01-023894,2026-01-02 15:15:02+00,"CAP, BEP",Au moins 1 an,Nouméa,CAFE STORE VILLAGE,98800 Nouméa,"Conditionner des produits,Mettre en oeuvre les processus et les modes opératoires techniques,Respecter les règles de Qualité, Hygiène, Sécurité, Santé et Environnement (QHSSE),Cuisiner des sauces,Contrôler l'état des stocks,Concevoir des recettes et menus,Préparer des ustensiles de cuisine,Préparer des plats cuisinés,Définir des besoins en approvisionnement,Entretenir, nettoyer un espace, un lieu, un local,Cuire des viandes, poissons ou légumes,Entretenir un équipement, une machine, une installation,Éplucher des légumes et des fruits,Lutter contre le gaspillage alimentaire,Évacuer, recycler des déchets, des produits,Relever, contrôler, ajuster des mesures et dosages,Aménager un poste et les conditions de travail,Dresser des plats pour le service,Manipuler des équipements de cuisine,Préparer les viandes et les poissons,Réceptionner des produits, des matières premières, vérifier la conformité d'une livraison","Cuisine du monde,Législation alimentaire,Procédures de nettoyage et de désinfection,Fiches techniques de cuisine,Types de viande,Procédures de la marche en avant,Types de desserts,Règles et consignes de sécurité,Chaîne du froid,Système Hazard Analysis Critical Control Point (HACCP),Production culinaire,Familles de produits alimentaires,Types de produits traiteurs,Utilisation de plaques de cuisson,Utilisation d'outils tranchants (couteaux, hachoirs, ...),Variétés de fruits et légumes,Utilisation de four (à chaleur tournante, à air pulsé, ...),Gestes et postures de manutention,Règles d'hygiène et de sécurité alimentaire",cv@cafestore.nc
J1303,2026-02-02,Assistant / Assistante dentaire,2025-12-15 13:56:25+00,"",assistante dentaire,,1,2025-12-023789,2025-12-15 13:56:25+00,"Bac, bac professionnel",Au moins 1 an,Nouméa,Selarl Ricard,,"Conseiller, accompagner une personne,Recueillir les données d'un dispositif médico-technique,Assister le praticien dentaire (présentation des instruments) pendant l'intervention,Préparer les accessoires de radiologie et procéder au développement des clichés,Réceptionner les éléments médico-techniques et en informer le praticien, le patient en vue de l'intervention,Désinfecter et décontaminer un équipement,Renseigner des documents médico-administratifs,Contrôler l'état des stocks,Planifier des rendez-vous selon le type d'intervention et le degré d'urgence,Transmettre de l'information,Préparer le matériel, les produits selon les indications du praticien et la nature de l'intervention",,mariesebastien2@gmail.com
N3102,2025-12-15,Matelot de la marine marchande,2025-12-15 09:22:51+00,Dès que possible,,2 mois,2,2025-12-023781,2025-12-15 09:22:51+00,Certification locale,Moins d'1 an,Nouméa,SUDILES,98800 NOUMEA,"Vérifier la conformité des équipements de sécurité (matériel de manutention, de sauvetage) et effectuer leur maintenance,Surveiller la route maritime et identifier les obstacles éventuels sur le trajet,Réaliser des opérations de chargement/déchargement de navires et effectuer le rangement et la sécurisation de la cargaison,Préparer et actionner les équipements du navire (ancres, câbles, cordages et gréement...) lors des manoeuvres d'appareillage ou d'accostage,Entretenir un bateau,Manoeuvrer des équipements embarqués (grue de navire, ...), des équipements de transbordement des passagers ou de sauvetage,Entretenir l'équipement nautique","Météorologie,Techniques de sauvetage et secourisme,Manipulation d'embarcation et radeau de sauvetage et de matériel de manoeuvre,Techniques de navigation,Techniques de matelotage,Règles de sécurité maritime,Droit maritime,Lecture de carte marine",recrutement@betico.nc
G1602,2025-11-14,Chef de partie,2025-11-14 13:21:25+00,Dès que possible,,3 mois,1,2025-11-023529,2025-11-14 13:21:25+00,,Au moins 3 ans,Nouméa,MV LOUNGE,98800 Nouméa,,,recrutement@medusabeachclub.net
G1801,2025-11-14,Barman / Barmaid,2025-11-14 13:21:47+00,Dès que possible,,3 mois,1,2025-11-023530,2025-11-14 13:21:47+00,,Au moins 1 an,Nouméa,MV LOUNGE,98800 Nouméa,"Communiquer à l'oral en milieu professionnel,Préparer des boissons chaudes ou froides,Réaliser un service au bar,Changer un fût,Gérer une caisse,Respecter les règles de Qualité, Hygiène, Sécurité, Santé et Environnement (QHSSE),Gérer une situation conflictuelle,Entretenir, nettoyer un espace, un lieu, un local,Communiquer avec l'équipe de salle,Réaliser la mise en place de la salle et de l'office,Prendre une commande client",,recrutement@medusabeachclub.net
M1805,2025-08-27,Développeur / Développeuse full-stack,2025-08-27 17:46:36+00,Dès que possible,,,1,2025-08-022889,2025-08-27 17:46:36+00,"Bac + 3, bac + 4",Au moins 1 an,Nouméa,AGILESOFT.NC,98857 NOUMEA CEDEX,"Développer une application en lien avec une base de données,Garantir le bon fonctionnement, la disponibilité et la performance d'une solution logicielle,Créer une documentation technique,Assembler des composants logiciels,Tester un logiciel, un système d'informations, une application,Communiquer auprès de ses clients internes et externes,Gérer et déployer des logiciels à distance,Coder,Vérifier la compatibilité des développements produits avec les spécifications,Concevoir une application web,Développer un logiciel, un système d'informations, une application,Analyser, exploiter, structurer des données,Concevoir l'architecture d'un système, d'un réseau,Respecter la confidentialité des informations",,contact@agilesoft.nc
K2503,2026-01-12,Agent / Agente de sécurité vidéosurveillance,2026-01-02 09:22:50+00,"",titulaire carte pro OV télésurveillance,,1,2026-01-023888,2026-01-02 09:22:50+00,Aucune formation scolaire,Moins d'1 an,Yaté,ESEC NC,98845 NOUMEA CEDEX,"Procéder à une justification d'identité,Utiliser les outils bureautiques,Contrôler une zone sensible,Réaliser une télésurveillance,Rédiger un rapport, un compte rendu d'activité,Transmettre de l'information,Filtrer des personnes ou des objets au moyen d'appareils de contrôle,Protéger des personnes et des biens",Utilisation d'équipements de télésurveillance,d.binet@erysgroup.com
M1205,2025-11-19,"Responsable administratif, comptable et financier / Responsable administrative, comptable et financière",2025-11-19 09:43:33+00,Dès que possible,"LICENCE COMPTABILITE, DCG",,1,2025-11-023559,2025-11-19 09:43:33+00,"Bac + 3, bac + 4",Au moins 5 ans,Mont-Dore (Le),ALIZES ENERGIE - A.E.,98810 MONT DORE,"Élaborer, suivre et piloter un budget,Conseiller une organisation, une structure,Présenter un budget,Piloter une activité,Gérer la trésorerie, le recouvrement,Superviser les procédures de gestion financière,Mettre en oeuvre un contrôle de gestion, un audit interne,Réaliser des opérations comptables","Fiscalité,Droit des sociétés,Normes qualité,Comptabilité analytique,Droit des affaires,Analyse des risques financiers",emploi.nc@engie.com
D1202,2026-01-21,Coiffeur / Coiffeuse,2025-12-24 21:11:58+00,"",,3 mois,1,2025-12-023853,2025-12-24 21:11:58+00,"CAP, BEP",Au moins 1 an,Nouméa,Sarl tropical beauty by Eriknana,98800 Nouméa,"Développer et fidéliser la relation client,Procéder à l'encaissement,Préparer et appliquer des produits colorants, décolorants (mèches, ...),Contrôler l'état des stocks,Vendre une prestation ou un produit,Accueillir le client et l'installer,Réaliser le diagnostic capillaire, les préparations du lavage et le shampoing,Identifier la coiffure attendue (coupe, coloration, traitement, ...) et conseiller le client (morphologie, implantation des cheveux, ...),Réaliser des prestations de coiffure,Procéder à la mise en forme, au coiffage, à la fixation des cheveux (bouclage, brushing, ...),Réaliser une coupe ou une coiffure,Présenter au client sa coiffure sous différents angles pour recueillir son avis,Entretenir, nettoyer un espace, un lieu, un local,Présenter et valoriser un produit ou un service,Organiser, aménager un espace de vente",,tropicalbeauty.nc@gmail.com
N4101,2025-12-23,Chauffeur / Chauffeuse de poids lourd,2025-12-23 15:39:31+00,Dès que possible,,2 mois,1,2025-12-023846,2025-12-23 15:39:31+00,,Au moins 3 ans,Païta,STAR PACIFIQUE,98845 NOUMEA CEDEX,"Communiquer à l'oral en langue étrangère,Appliquer un cadre juridique ou réglementaire,Conduire un poids lourd,Conduire un véhicule nécessitant une habilitation,Manipuler des produits dangereux ou fragiles,Gérer des situations difficiles,Réaliser des formalités douanières,Transporter des matériaux,Contrôler l'état de fonctionnement d'un véhicule,Transporter des grumes,Réaliser une opération de maintenance,Manipuler un engin de manutention ou de chantier,Répondre aux attentes d'un client,Charger, décharger, manutentionner des produits,Réceptionner des produits, des matières premières, vérifier la conformité d'une livraison,Contrôler l'état de propreté des équipements,Vérifier l'exactitude et la conformité de documents de transport de marchandises,Conduire un véhicule convoi exceptionnel,Organiser le chargement des marchandises dans le véhicule,Rédiger un rapport, un compte rendu d'activité,Réaliser les opérations d'attelage,Déclencher les mesures d'urgence en cas d'incident,Réaliser l'entretien du matériel,Définir un itinéraire en fonction des consignes de livraison,Conduire un véhicule routier,Transporter des produits en vrac,Organiser une livraison,Transporter des marchandises","Réglementation du transport de marchandises,Utilisation d'engin et matériel incendie,Maintenance de véhicules,Mécanique poids lourds,Camion porteur,Camion avec hayon élévateur,Camion avec grue articulée,Camion porte-containers,Règles de sécurité des biens et des personnes,Camion benne / multi-bennes,Gestes et postures de manutention,Principes de l'éco-conduite",c.tonelli@gcf.nc
E1107,2025-12-29,Chef de projet évènementiel,2025-12-29 14:17:03+00,Dès que possible,,,1,2025-12-023865,2025-12-29 14:16:35+00,"Bac + 3, bac + 4",Au moins 3 ans,Nouméa,Anonyme,,"Élaborer, suivre et piloter un budget,Concevoir et gérer un projet,Contrôler la réalisation et les coûts d¿une prestation,Organiser, coordonner un événement,Mettre en oeuvre l'organisation matérielle et logistique d'un événement,Utiliser les outils bureautiques,Organiser la logistique d'un événement,Concevoir une animation événementielle,Identifier et sélectionner des fournisseurs, sous-traitants, prestataires,Établir un devis,Travailler en réseau,Mettre en oeuvre des actions de communication,Développer et piloter un réseau d'organisations partenaires,Animer, coordonner une équipe","Organisation d'évènements sportifs,Techniques de communication orales, écrites et numériques,Gestion budgétaire,Anglais B2 minimum",angelique.pusset@mercato-emploi.com
M1204,2025-12-12,Contrôleur / Contrôleuse de gestion,2025-12-12 10:11:46+00,Dès que possible,,,1,2025-12-023773,2025-12-12 10:11:46+00,"Bac + 3, bac + 4",Au moins 3 ans,Mont-Dore (Le),Goodman Fielder NC,98845 NOUMEA CEDEX,"Élaborer, suivre et piloter un budget,Conseiller une organisation, une structure,Suivre le système d'informations de gestion,Superviser une clôture comptable,Contrôler des indicateurs de performance, analyser et corriger des écarts,Élaborer des tableaux de bord,Assurer la gestion administrative d'une activité,Rédiger un rapport, un compte rendu d'activité,Réaliser des opérations comptables,Calculer les marges, la rentabilité d'un produit ou d'une activité,Réaliser un suivi de la masse salariale,Superviser le contrôle interne d'une structure","Reporting anglo-saxon,Comptabilité générale,Indicateurs de suivi d'activité,Comptabilité analytique,Audit comptable et financier,Fiscalité,Gestion comptable",recrutement@goodmanfielder.nc
J1306,2026-02-01,Manipulateur / Manipulatrice en radiologie,2025-12-24 08:06:30+00,"",Manipulateur en électroradiologie,,1,2025-12-023848,2025-12-24 08:06:30+00,"Bac + 3, bac + 4",Moins d'1 an,Nouméa,HOLD RADIO,98800 Nouméa,"Identifier le type d'examen radiologique prescrit et vérifier les conditions de faisabilité auprès de la personne (état de santé, traitement en cours, prémédication, ...),Surveiller les réactions, la tolérance de la personne lors de la réalisation de l'examen radiologique,Expliquer et faire respecter les règles et procédures,Installer la personne, positionner l'appareil de radiologie et réaliser le cliché,Procéder à des examens de tomodensitométrie (scanner) selon des techniques radiographiques,Préparer les accessoires (films, caches, matériel médicochirurgical, ...) et informer la personne sur le déroulement de l'examen,Renseigner des documents médico-administratifs,Contrôler l'état des stocks,Établir des éléments d'une commande,Informer un patient,Développer un cliché médical,Contrôler la qualité d'un cliché médical,Entretenir, nettoyer un espace, un lieu, un local,Prodiguer les gestes de premiers secours en cas d'urgence,Évacuer, recycler des déchets, des produits,Procéder à des examens d'Imagerie à résonance magnétique (IRM) selon des techniques radiographiques",,rh@radiologie.nc
F1613,2025-12-08,Poseur / Poseuse en isolation thermique,2025-12-09 14:30:54+00,Dès que possible,,1 mois,1,2025-12-023740,2025-12-08 15:58:30+00,Aucune formation scolaire,Aucune expérience professionnelle,Païta,pacific ouate isolation,98839 DUMBEA,"Anticiper des dangers, problèmes ou besoins matériels et techniques,Rédiger un rapport, un compte rendu d'activité,Nettoyer le site d'intervention et ranger les outils,Implanter une zone de chantier,Sécuriser le périmètre d'intervention,Acheminer les matériaux et matériels jusqu'au chantier,Installer des isolations thermiques ou anti feu,Installer des isolations phoniques,Déposer un revêtement,Monter ou démonter un échafaudage,Alerter, en qualifiant la nature du problème,Répondre aux attentes d'un client,Utiliser une installation, une machine","Utilisation d'équipements mécanisés,Règles et consignes de sécurité,Caractéristiques des matériaux isolants,Utilisation de matériel de nettoyage",pacificouate@gmail.com
D1407,2025-12-17,Attaché technico-commercial / Attachée technico-commerciale,2025-12-17 09:37:06+00,Dès que possible,,1 an(s),1,2025-12-023807,2025-12-17 09:37:06+00,Aucune formation scolaire,Au moins 3 ans,Nouméa,MAISON RIDOLFI,98845 NOUMEA CEDEX,"Développer et fidéliser la relation client,Établir un plan de tournée de prospection (ciblage, interlocuteurs, préparation de dossiers techniques),Mettre en oeuvre des actions commerciales et promotionnelles,Utiliser les outils bureautiques,Analyser les résultats des ventes,Négocier un contrat,Élaborer une stratégie commerciale,Évaluer la mise en oeuvre d'un projet, plan d'action","Logiciel de gestion clients,Techniques commerciales,Droit commercial",secretariat@ridolfi.nc
N1303,2025-12-15,Technicien / Technicienne en méthodes et exploitation logistique,2025-12-15 10:29:37+00,Dès que possible,,,1,2025-12-023785,2025-12-15 10:29:37+00,"Bac + 3, bac + 4",Au moins 1 an,Dumbéa,SOCALOG,98839,"Identifier les besoins d'intervention en fonction des anomalies/accidents et mettre en place les procédures d'alerte,Élaborer des processus et des modes opératoires techniques,Utiliser les outils bureautiques,Vérifier le respect des règles, normes et procédures opérationnelles,Accompagner des équipes au niveau technique et méthodologique,Transmettre de l'information,Utiliser ou renseigner les outils dédiés à la traçabilité de l'activité des équipes logistiques,Rendre compte de son action, de risques ou d'anomalies au responsable,Alerter, en qualifiant la nature du problème",,rh@socalog.nc
M1203,2026-01-19,Aide-comptable,2025-12-16 12:08:24+00,"",COMPTABILITE,6 mois,1,2025-12-023798,2025-12-16 12:08:24+00,Bac +2,Au moins 3 ans,Nouméa,CCI-NC,98849 Nouméa Cédex,"Utiliser les outils bureautiques,Effectuer le suivi des commandes, la facturation,Assurer la gestion administrative d'une activité,Codifier une facture,Réviser une procédure comptable,Codifier un mandat","Comptabilité fournisseurs,Gestion comptable,Comptabilité générale,Logiciels comptables",
J1306,2026-01-05,Manipulateur / Manipulatrice d'électroradiologie médicale,2025-12-19 13:14:18+00,"",Manipouateur en electroradiologie,3 mois,1,2025-12-023799,2025-12-16 12:37:04+00,"Bac + 3, bac + 4",Au moins 10 ans,Païta,Centre de radiologie savannah,98890 Paita,"Identifier le type d'examen radiologique prescrit et vérifier les conditions de faisabilité auprès de la personne (état de santé, traitement en cours, prémédication, ...),Surveiller les réactions, la tolérance de la personne lors de la réalisation de l'examen radiologique,Expliquer et faire respecter les règles et procédures,Installer la personne, positionner l'appareil de radiologie et réaliser le cliché,Préparer les accessoires (films, caches, matériel médicochirurgical, ...) et informer la personne sur le déroulement de l'examen,Renseigner des documents médico-administratifs,Contrôler l'état des stocks,Établir des éléments d'une commande,Informer un patient,Développer un cliché médical,Contrôler la qualité d'un cliché médical,Définir des besoins en approvisionnement,Entretenir, nettoyer un espace, un lieu, un local,Apporter une assistance technique,Entretenir un équipement, une machine, une installation,Prodiguer les gestes de premiers secours en cas d'urgence,Évacuer, recycler des déchets, des produits,Procéder à des examens de mammographie selon des techniques radiographiques",,radiologie.savannah@gmail.com
M1607,2025-12-30,Secrétaire polyvalent / polyvalente,2025-12-30 09:14:39+00,Dès que possible,,,1,2025-12-023872,2025-12-30 09:14:39+00,"Bac, bac professionnel",Au moins 3 ans,Nouméa,Anonyme,,"Établir, mettre à jour un dossier, une base de données,Réaliser la gestion administrative du personnel,Suivre un contrat, vérifier le respect des clauses contractuelles,Assurer la gestion administrative d'une activité,Rédiger un rapport, un compte rendu d'activité,Organiser des déplacements professionnels,Réaliser des opérations comptables,Organiser le traitement des commandes,Classer des documents,Acceuillir, orienter, informer une personne,Saisir des documents juridiques,Archiver des dossiers et documents de référence","Gestion administrative du courrier,Logiciels comptables,Droit du travail",tatamo.lebras@sprintpacifique.nc
N1302,2025-12-18,Coordinateur / Coordinatrice de site logistique,2025-12-18 09:49:57+00,Dès que possible,Logistique BTP maintenance QHSE ou équiv,,1,2025-12-023812,2025-12-18 09:49:57+00,Bac +2,Au moins 5 ans,Païta,CALTRAC,98803 NOUMEA CEDEX,"Superviser la planification de l'exploitation du ou des sites logistiques en fonction de l'activité (flux internes/externes, commandes spécifiques, ...),Organiser une opération logistique de transport,Piloter une activité,Utiliser les outils bureautiques,Élaborer une stratégie d'achat, optimiser la procédure d'achat,Contrôler et faire appliquer le respect de dispositions légales et réglementaires,Respecter les règles de Qualité, Hygiène, Sécurité, Santé et Environnement (QHSSE),Préparer et animer une réunion, un groupe de travail, un atelier,Organiser le travail d'une équipe,Rédiger un rapport, un compte rendu d'activité,Négocier des délais, des quantités, des conditions de livraison avec les fournisseurs et avec les transporteurs,Définir la stratégie logistique d'une structure,Appliquer le référentiel qualité de l'entreprise,Réaliser une opération logistique,Assurer la gestion administrative d'une activité,Concevoir des procédures de gestion,Négocier des minimums d'achats et des tarifs avec les fournisseurs,Superviser les activités de magasinage et de préparation de commandes,Analyser, exploiter, structurer des données,Gérer un parc de machines, d'équipements, de locaux,Contrôler les règles de Qualité, Hygiène, Sécurité, Santé et Environnement (QHSSE),Coordonner l'intervention d'équipes pluridisciplinaires",,caltrac.recrutement@caltrac.nc
J1506,2025-12-19,Infirmier / Infirmière de soins généraux,2025-12-19 09:25:00+00,Dès que possible,Diplôme d'état d'infirmier,1 mois,1,2025-12-023819,2025-12-19 09:25:00+00,"Bac + 3, bac + 4",Au moins 1 an,Païta,Résidence des Pavillons d'Eugénie,98890,"Pratiquer des soins palliatifs,Réaliser des soins d'hygiène corporelle, de confort et de prévention,Réaliser un prélèvement biologique,Désinfecter et décontaminer un équipement,Installer à domicile du matériel médical (lit médicalisé, appareil d'assistance respiratoire, ...) et en expliquer le fonctionnement,Renseigner des documents médico-administratifs,Pratiquer des soins de psychiatrie et de santé mentale,Informer un patient,Assurer la gestion administrative d'une activité,Pratiquer des prises en charge de la douleur,Animer, coordonner une équipe,Surveiller l'état de santé d'une personne,Préparer, installer un dispositif médico-technique,Analyser des résultats d'examen médicaux,Réaliser des soins infirmiers","Identification des signes et du degré de la douleur,Techniques d'hémodialyse,Bonnes pratiques de dispensation de l'oxygène - BPDO,Pathologies du vieillissement,Hygiène hospitalière,Protocoles de soins pré et post-opératoires,Formulaires de prise en charge d'hospitalisation à domicile,Produits Sanguins Labiles (PSL),Méthodes de décontamination de matériel,Démarche de Soins Infirmiers (DSI),Modalités de prise en charge de patients en fin de vie,Bonnes Pratiques Transfusionnelles -BPT-,Protocoles de soins d'urgence,Règles d'hygiène et d'asepsie",assistant.direction@rpe.nc
D1402,2025-12-26,Commercial / Commerciale auprès d'une clientèle d'entreprises,2025-12-26 07:47:32+00,Dès que possible,,,1,2025-12-023854,2025-12-26 07:46:56+00,Bac +2,Au moins 3 ans,Nouméa,Anonyme,,"Développer et fidéliser la relation client,Établir un plan de tournée de prospection (ciblage, interlocuteurs, préparation de dossiers techniques),Mettre en oeuvre des actions commerciales et promotionnelles,Conseiller, accompagner une personne,Élaborer, adapter une proposition commerciale,Utiliser les outils bureautiques,Négocier des conditions commerciales,Prospecter de nouveaux clients, de nouveaux marchés","Logiciel de gestion clients,Gestion administrative d'une prospection,Prospection commerciale,Méthodes de plan de prospection",cyril.jay@inter-invest.fr
H2902,2026-01-05,Chaudronnier / Chaudronnière,2025-12-19 13:15:41+00,"",,3 mois,1,2025-12-023823,2025-12-19 11:24:58+00,"CAP, BEP",Au moins 3 ans,Nouméa,Anonyme,,"Réaliser des marquages,Assembler et positionner les pièces, plaques, tubes (soudure-pointage, rivet, agrafe, colle, ...),Établir une gamme de fabrication,Contrôler les pièces, l'assemblage,Tailler, découper des matériaux,Élaborer et planifier un programme de production, d'exploitation,Tracer les développés et reporter les cotes sur les matériaux (plaques, tubes, profilés, ...),Utiliser une installation, une machine,Réaliser les finitions (meulage, ébavurage, redressage)","Normes qualité,Indicateurs de suivi de production,Techniques de découpe de matériaux,Lecture de plan, de schéma,Techniques d'usinage,Utilisation d'outillages manuels,Procédés de formage,Utilisation d'instruments de mesure tridimensionnelle,Conception et Dessin Assistés par Ordinateur (CAO/DAO),Utilisation d'outillages électroportatifs (scie électrique, ponceuse, ...),Indicateurs de suivi d'activité,Dessin industriel,Techniques et procédés d'assemblage,Règles de sécurité",direction@ctm.nc
H2913,2026-01-05,Soudeur / Soudeuse à l'arc électrique,2025-12-19 13:16:13+00,"",,3 mois,1,2025-12-023825,2025-12-19 13:13:32+00,"CAP, BEP",Au moins 5 ans,Nouméa,Anonyme,,"Contrôler la qualité et la conformité des process,Monter et régler une installation, une machine,Préparer les joints et positionner les pièces, plaques, tubes, profilés entre eux ou sur un support,Contrôler la conformité d'un équipement, d'une machine, d'une installation,Renseigner un compte rendu d'intervention,Identifier les matériaux et les différentes soudures appropriées selon les instructions, documents techniques, plans, ...,Sécuriser un équipement, un périmètre,Configurer et paramétrer une installation, une machine,Réaliser des opérations de soudage,Préparer la zone de travail et les moyens nécessaires à l'activité,Estimer les coûts et les délais d'une activité ou d'une prestation,Effectuer la maintenance préventive et corrective de premier niveau de ses équipements","Utilisation d'outillages manuels,Métallurgie,Utilisation d'outillages électroportatifs (scie électrique, ponceuse, ...),Techniques de coupage thermique,Utilisation de gabarit,Lecture de plan, de schéma",direction@ctm.nc
M1608,2025-12-31,Secrétaire comptable,2025-12-31 11:49:29+00,Dès que possible,,,1,2025-12-023883,2025-12-31 11:49:29+00,"Bac, bac professionnel",Au moins 3 ans,Nouméa,NOUMEA IMMOBILIER SYNDIC,98851 Nouméa Cédex,"Développer et fidéliser la relation client,Établir, mettre à jour un dossier, une base de données,Utiliser les outils bureautiques,Gérer la trésorerie, le recouvrement,Structurer, synthétiser des informations,Établir un état de rapprochement bancaire,Assurer un accueil téléphonique,Réaliser des opérations comptables",Logiciels comptables,s.robbe@noumea-immobilier.nc
D1213,2025-12-31,Vendeur / Vendeuse comptoir de matériels et équipements,2025-12-31 17:29:49+00,Dès que possible,,1 mois,1,2025-12-023886,2025-12-31 17:29:49+00,,Au moins 1 an,Nouméa,NC IMPORT,98863 NOUMEA CEDEX,"Procéder à l'encaissement,Traiter les demandes et réclamations des clients selon la procédure établie et en proposant des solutions adaptées,Contrôler l'état des stocks,Rendre compte de son action, de risques ou d'anomalies au responsable,Renseigner les logiciels de gestion,Conclure une vente,Réaliser des animations commerciales dans l'espace de vente,Contrôler l'inventaire des stocks,Représenter et mettre en valeur l'image de l'entreprise,Établir un devis,Proposer des produits additionnels,Informer sur les conditions de vente,Informer sur la disponibilité des produits,Définir des besoins en approvisionnement,Identifier, traiter une demande client,Dynamiser l'espace de vente pour inciter le client à découvrir de nouveaux produits,Présenter et valoriser un produit ou un service,Réceptionner des produits, des matières premières, vérifier la conformité d'une livraison",,administratifducos@2tcr.nc
K1302,2026-01-02,Auxiliaire de Vie Sociale -AVS-,2026-01-02 10:17:17+00,Dès que possible,,,3,2026-01-023890,2026-01-02 10:17:17+00,Certification locale,Aucune expérience professionnelle,Païta,Anonyme,,"Accompagner la personne dans les gestes de la vie quotidienne,Réaliser des soins d'hygiène corporelle, de confort et de prévention,Suivre l'état de santé de la personne, relever les modifications de comportement, états dépressifs, ... et informer les interlocuteurs concernés (famille, médecin, ...),Procurer à la personne des éléments de confort (rehaussage/réglage du fauteuil, du lit, ...), de réconfort et vérifier les éléments de sécurité, d'assistance médicale, ...,Réaliser pour la personne des courses, la préparation des repas, des formalités administratives, ...,Conseiller la personne dans ses activités de la vie quotidienne","Règles d'hygiène et de propreté,Diététique,Manipulation d'équipement (lit médicalisé, lève malade, ...),Ergonomie,Techniques d'écoute et de la relation à la personne,Gérontologie,Gestes d'urgence et de secours,Techniques d'écoute active,Règles de sécurité domestique",comptabilite@rpe.nc
